{
  "BRCA1": 0.10571,
  "STAT5": 0.040252,
  "PIK3CA": 0.02507,
  "ALK": 0.024337,
  "FGFR1": 0.023782,
  "TP53": 0.023339,
  "NTRK2": 0.0229,
  "MLH1": 0.021182,
  "GRB2": 0.020256,
  "CDK1": 0.01798,
  "NRAS": 0.017046,
  "NTRK3": 0.016902,
  "MAP2K2": 0.015888,
  "E2F3": 0.015446,
  "AR": 0.014314,
  "CHEK1": 0.013361,
  "MYC": 0.013354,
  "CHEK2": 0.013259,
  "ETS2": 0.012948,
  "BRCA2": 0.012398
}